date_id,date,day,month,year,quarter,week_day
0,20130101,1,1,2013,1,Tuesday
20,20130422,22,4,2013,2,Monday
70,20130927,27,9,2013,3,Friday
73,20131012,12,10,2013,4,Saturday
86,20140101,1,1,2014,1,Wednesday
91,20140106,6,1,2014,1,Monday
92,20140107,7,1,2014,1,Tuesday
1483,20171101,1,11,2017,4,Wednesday
95,20140110,10,1,2014,1,Friday
97,20140112,12,1,2014,1,Sunday
99,20140114,14,1,2014,1,Tuesday
108,20140123,23,1,2014,1,Thursday
111,20140126,26,1,2014,1,Sunday
112,20140127,27,1,2014,1,Monday
115,20140130,30,1,2014,1,Thursday
322,20140825,25,8,2014,3,Monday
120,20140204,4,2,2014,1,Tuesday
123,20140207,7,2,2014,1,Friday
132,20140216,16,2,2014,1,Sunday
1042,20160816,16,8,2016,3,Tuesday
136,20140220,20,2,2014,1,Thursday
141,20140225,25,2,2014,1,Tuesday
143,20140227,27,2,2014,1,Thursday
920,20160415,15,4,2016,2,Friday
1141,20161123,23,11,2016,4,Wednesday
1237,20170228,28,2,2017,1,Tuesday
1401,20170811,11,8,2017,3,Friday
153,20140309,9,3,2014,1,Sunday
158,20140314,14,3,2014,1,Friday
165,20140321,21,3,2014,1,Friday
167,20140323,23,3,2014,1,Sunday
173,20140329,29,3,2014,1,Saturday
176,20140401,1,4,2014,2,Tuesday
180,20140405,5,4,2014,2,Saturday
673,20150812,12,8,2015,3,Wednesday
195,20140420,20,4,2014,2,Sunday
1580,20180206,6,2,2018,1,Tuesday
1119,20161101,1,11,2016,4,Tuesday
204,20140429,29,4,2014,2,Tuesday
452,20150102,2,1,2015,1,Friday
1595,20180221,21,2,2018,1,Wednesday
205,20140430,30,4,2014,2,Wednesday
207,20140502,2,5,2014,2,Friday
208,20140503,3,5,2014,2,Saturday
210,20140505,5,5,2014,2,Monday
213,20140508,8,5,2014,2,Thursday
825,20160111,11,1,2016,1,Monday
1462,20171011,11,10,2017,4,Wednesday
781,20151128,28,11,2015,4,Saturday
1209,20170131,31,1,2017,1,Tuesday
226,20140521,21,5,2014,2,Wednesday
522,20150313,13,3,2015,1,Friday
228,20140523,23,5,2014,2,Friday
232,20140527,27,5,2014,2,Tuesday
692,20150831,31,8,2015,3,Monday
1206,20170128,28,1,2017,1,Saturday
969,20160603,3,6,2016,2,Friday
233,20140528,28,5,2014,2,Wednesday
1392,20170802,2,8,2017,3,Wednesday
239,20140603,3,6,2014,2,Tuesday
1167,20161219,19,12,2016,4,Monday
275,20140709,9,7,2014,3,Wednesday
260,20140624,24,6,2014,2,Tuesday
297,20140731,31,7,2014,3,Thursday
269,20140703,3,7,2014,3,Thursday
276,20140710,10,7,2014,3,Thursday
281,20140715,15,7,2014,3,Tuesday
283,20140717,17,7,2014,3,Thursday
284,20140718,18,7,2014,3,Friday
287,20140721,21,7,2014,3,Monday
293,20140727,27,7,2014,3,Sunday
298,20140801,1,8,2014,3,Friday
1582,20180208,8,2,2018,1,Thursday
299,20140802,2,8,2014,3,Saturday
302,20140805,5,8,2014,3,Tuesday
303,20140806,6,8,2014,3,Wednesday
305,20140808,8,8,2014,3,Friday
307,20140810,10,8,2014,3,Sunday
311,20140814,14,8,2014,3,Thursday
319,20140822,22,8,2014,3,Friday
325,20140828,28,8,2014,3,Thursday
1358,20170629,29,6,2017,2,Thursday
1293,20170425,25,4,2017,2,Tuesday
1575,20180201,1,2,2018,1,Thursday
332,20140904,4,9,2014,3,Thursday
333,20140905,5,9,2014,3,Friday
945,20160510,10,5,2016,2,Tuesday
1051,20160825,25,8,2016,3,Thursday
506,20150225,25,2,2015,1,Wednesday
350,20140922,22,9,2014,3,Monday
790,20151207,7,12,2015,4,Monday
1140,20161122,22,11,2016,4,Tuesday
362,20141004,4,10,2014,4,Saturday
368,20141010,10,10,2014,4,Friday
1205,20170127,27,1,2017,1,Friday
381,20141023,23,10,2014,4,Thursday
1215,20170206,6,2,2017,1,Monday
384,20141026,26,10,2014,4,Sunday
1038,20160812,12,8,2016,3,Friday
1149,20161201,1,12,2016,4,Thursday
1343,20170614,14,6,2017,2,Wednesday
397,20141108,8,11,2014,4,Saturday
399,20141110,10,11,2014,4,Monday
400,20141111,11,11,2014,4,Tuesday
1148,20161130,30,11,2016,4,Wednesday
407,20141118,18,11,2014,4,Tuesday
412,20141123,23,11,2014,4,Sunday
416,20141127,27,11,2014,4,Thursday
418,20141129,29,11,2014,4,Saturday
1469,20171018,18,10,2017,4,Wednesday
419,20141130,30,11,2014,4,Sunday
1631,20180329,29,3,2018,1,Thursday
422,20141203,3,12,2014,4,Wednesday
425,20141206,6,12,2014,4,Saturday
646,20150716,16,7,2015,3,Thursday
539,20150330,30,3,2015,1,Monday
1188,20170109,9,1,2017,1,Monday
576,20150507,7,5,2015,2,Thursday
426,20141207,7,12,2014,4,Sunday
428,20141209,9,12,2014,4,Tuesday
584,20150515,15,5,2015,2,Friday
1049,20160823,23,8,2016,3,Tuesday
1001,20160706,6,7,2016,3,Wednesday
429,20141210,10,12,2014,4,Wednesday
430,20141211,11,12,2014,4,Thursday
431,20141212,12,12,2014,4,Friday
682,20150821,21,8,2015,3,Friday
950,20160515,15,5,2016,2,Sunday
502,20150221,21,2,2015,1,Saturday
435,20141216,16,12,2014,4,Tuesday
549,20150409,9,4,2015,2,Thursday
437,20141218,18,12,2014,4,Thursday
438,20141219,19,12,2014,4,Friday
440,20141221,21,12,2014,4,Sunday
447,20141228,28,12,2014,4,Sunday
657,20150727,27,7,2015,3,Monday
449,20141230,30,12,2014,4,Tuesday
1335,20170606,6,6,2017,2,Tuesday
451,20150101,1,1,2015,1,Thursday
453,20150103,3,1,2015,1,Saturday
1086,20160929,29,9,2016,3,Thursday
454,20150104,4,1,2015,1,Sunday
455,20150105,5,1,2015,1,Monday
456,20150106,6,1,2015,1,Tuesday
458,20150108,8,1,2015,1,Thursday
459,20150109,9,1,2015,1,Friday
460,20150110,10,1,2015,1,Saturday
461,20150111,11,1,2015,1,Sunday
854,20160209,9,2,2016,1,Tuesday
975,20160609,9,6,2016,2,Thursday
524,20150315,15,3,2015,1,Sunday
1232,20170223,23,2,2017,1,Thursday
464,20150114,14,1,2015,1,Wednesday
465,20150115,15,1,2015,1,Thursday
466,20150116,16,1,2015,1,Friday
467,20150117,17,1,2015,1,Saturday
1457,20171006,6,10,2017,4,Friday
1138,20161120,20,11,2016,4,Sunday
1225,20170216,16,2,2017,1,Thursday
567,20150428,28,4,2015,2,Tuesday
470,20150120,20,1,2015,1,Tuesday
474,20150124,24,1,2015,1,Saturday
475,20150125,25,1,2015,1,Sunday
476,20150126,26,1,2015,1,Monday
938,20160503,3,5,2016,2,Tuesday
477,20150127,27,1,2015,1,Tuesday
1394,20170804,4,8,2017,3,Friday
1075,20160918,18,9,2016,3,Sunday
479,20150129,29,1,2015,1,Thursday
1211,20170202,2,2,2017,1,Thursday
480,20150130,30,1,2015,1,Friday
1558,20180115,15,1,2018,1,Monday
485,20150204,4,2,2015,1,Wednesday
486,20150205,5,2,2015,1,Thursday
487,20150206,6,2,2015,1,Friday
488,20150207,7,2,2015,1,Saturday
1081,20160924,24,9,2016,3,Saturday
1144,20161126,26,11,2016,4,Saturday
489,20150208,8,2,2015,1,Sunday
491,20150210,10,2,2015,1,Tuesday
1219,20170210,10,2,2017,1,Friday
492,20150211,11,2,2015,1,Wednesday
493,20150212,12,2,2015,1,Thursday
494,20150213,13,2,2015,1,Friday
495,20150214,14,2,2015,1,Saturday
496,20150215,15,2,2015,1,Sunday
497,20150216,16,2,2015,1,Monday
498,20150217,17,2,2015,1,Tuesday
1262,20170325,25,3,2017,1,Saturday
500,20150219,19,2,2015,1,Thursday
503,20150222,22,2,2015,1,Sunday
507,20150226,26,2,2015,1,Thursday
508,20150227,27,2,2015,1,Friday
509,20150228,28,2,2015,1,Saturday
510,20150301,1,3,2015,1,Sunday
512,20150303,3,3,2015,1,Tuesday
513,20150304,4,3,2015,1,Wednesday
514,20150305,5,3,2015,1,Thursday
515,20150306,6,3,2015,1,Friday
516,20150307,7,3,2015,1,Saturday
517,20150308,8,3,2015,1,Sunday
518,20150309,9,3,2015,1,Monday
520,20150311,11,3,2015,1,Wednesday
521,20150312,12,3,2015,1,Thursday
785,20151202,2,12,2015,4,Wednesday
525,20150316,16,3,2015,1,Monday
1245,20170308,8,3,2017,1,Wednesday
864,20160219,19,2,2016,1,Friday
527,20150318,18,3,2015,1,Wednesday
528,20150319,19,3,2015,1,Thursday
1378,20170719,19,7,2017,3,Wednesday
1380,20170721,21,7,2017,3,Friday
1387,20170728,28,7,2017,3,Friday
1397,20170807,7,8,2017,3,Monday
719,20150927,27,9,2015,3,Sunday
1509,20171127,27,11,2017,4,Monday
1381,20170722,22,7,2017,3,Saturday
530,20150321,21,3,2015,1,Saturday
617,20150617,17,6,2015,2,Wednesday
531,20150322,22,3,2015,1,Sunday
532,20150323,23,3,2015,1,Monday
533,20150324,24,3,2015,1,Tuesday
926,20160421,21,4,2016,2,Thursday
534,20150325,25,3,2015,1,Wednesday
535,20150326,26,3,2015,1,Thursday
1059,20160902,2,9,2016,3,Friday
537,20150328,28,3,2015,1,Saturday
1309,20170511,11,5,2017,2,Thursday
728,20151006,6,10,2015,4,Tuesday
770,20151117,17,11,2015,4,Tuesday
667,20150806,6,8,2015,3,Thursday
540,20150331,31,3,2015,1,Tuesday
1031,20160805,5,8,2016,3,Friday
541,20150401,1,4,2015,2,Wednesday
542,20150402,2,4,2015,2,Thursday
1197,20170118,18,1,2017,1,Wednesday
906,20160401,1,4,2016,2,Friday
544,20150404,4,4,2015,2,Saturday
545,20150405,5,4,2015,2,Sunday
547,20150407,7,4,2015,2,Tuesday
1268,20170331,31,3,2017,1,Friday
548,20150408,8,4,2015,2,Wednesday
550,20150410,10,4,2015,2,Friday
552,20150412,12,4,2015,2,Sunday
554,20150414,14,4,2015,2,Tuesday
555,20150415,15,4,2015,2,Wednesday
556,20150416,16,4,2015,2,Thursday
680,20150819,19,8,2015,3,Wednesday
557,20150417,17,4,2015,2,Friday
558,20150418,18,4,2015,2,Saturday
559,20150419,19,4,2015,2,Sunday
560,20150420,20,4,2015,2,Monday
561,20150422,22,4,2015,2,Wednesday
562,20150423,23,4,2015,2,Thursday
563,20150424,24,4,2015,2,Friday
565,20150426,26,4,2015,2,Sunday
566,20150427,27,4,2015,2,Monday
777,20151124,24,11,2015,4,Tuesday
1133,20161115,15,11,2016,4,Tuesday
899,20160325,25,3,2016,1,Friday
1094,20161007,7,10,2016,4,Friday
1286,20170418,18,4,2017,2,Tuesday
1373,20170714,14,7,2017,3,Friday
570,20150501,1,5,2015,2,Friday
571,20150502,2,5,2015,2,Saturday
572,20150503,3,5,2015,2,Sunday
1278,20170410,10,4,2017,2,Monday
574,20150505,5,5,2015,2,Tuesday
577,20150508,8,5,2015,2,Friday
823,20160109,9,1,2016,1,Saturday
580,20150511,11,5,2015,2,Monday
757,20151104,4,11,2015,4,Wednesday
1238,20170301,1,3,2017,1,Wednesday
581,20150512,12,5,2015,2,Tuesday
582,20150513,13,5,2015,2,Wednesday
1494,20171112,12,11,2017,4,Sunday
585,20150516,16,5,2015,2,Saturday
586,20150517,17,5,2015,2,Sunday
587,20150518,18,5,2015,2,Monday
589,20150520,20,5,2015,2,Wednesday
590,20150521,21,5,2015,2,Thursday
591,20150522,22,5,2015,2,Friday
592,20150523,23,5,2015,2,Saturday
594,20150525,25,5,2015,2,Monday
595,20150526,26,5,2015,2,Tuesday
596,20150527,27,5,2015,2,Wednesday
597,20150528,28,5,2015,2,Thursday
598,20150529,29,5,2015,2,Friday
599,20150530,30,5,2015,2,Saturday
1295,20170427,27,4,2017,2,Thursday
601,20150601,1,6,2015,2,Monday
603,20150603,3,6,2015,2,Wednesday
1180,20170101,1,1,2017,1,Sunday
604,20150604,4,6,2015,2,Thursday
605,20150605,5,6,2015,2,Friday
606,20150606,6,6,2015,2,Saturday
609,20150609,9,6,2015,2,Tuesday
610,20150610,10,6,2015,2,Wednesday
612,20150612,12,6,2015,2,Friday
613,20150613,13,6,2015,2,Saturday
614,20150614,14,6,2015,2,Sunday
615,20150615,15,6,2015,2,Monday
616,20150616,16,6,2015,2,Tuesday
619,20150619,19,6,2015,2,Friday
620,20150620,20,6,2015,2,Saturday
621,20150621,21,6,2015,2,Sunday
622,20150622,22,6,2015,2,Monday
623,20150623,23,6,2015,2,Tuesday
624,20150624,24,6,2015,2,Wednesday
626,20150626,26,6,2015,2,Friday
627,20150627,27,6,2015,2,Saturday
629,20150629,29,6,2015,2,Monday
630,20150630,30,6,2015,2,Tuesday
631,20150701,1,7,2015,3,Wednesday
632,20150702,2,7,2015,3,Thursday
634,20150704,4,7,2015,3,Saturday
635,20150705,5,7,2015,3,Sunday
636,20150706,6,7,2015,3,Monday
637,20150707,7,7,2015,3,Tuesday
638,20150708,8,7,2015,3,Wednesday
639,20150709,9,7,2015,3,Thursday
640,20150710,10,7,2015,3,Friday
641,20150711,11,7,2015,3,Saturday
642,20150712,12,7,2015,3,Sunday
643,20150713,13,7,2015,3,Monday
645,20150715,15,7,2015,3,Wednesday
647,20150717,17,7,2015,3,Friday
1436,20170915,15,9,2017,3,Friday
792,20151209,9,12,2015,4,Wednesday
648,20150718,18,7,2015,3,Saturday
649,20150719,19,7,2015,3,Sunday
650,20150720,20,7,2015,3,Monday
1034,20160808,8,8,2016,3,Monday
1077,20160920,20,9,2016,3,Tuesday
651,20150721,21,7,2015,3,Tuesday
652,20150722,22,7,2015,3,Wednesday
653,20150723,23,7,2015,3,Thursday
654,20150724,24,7,2015,3,Friday
655,20150725,25,7,2015,3,Saturday
656,20150726,26,7,2015,3,Sunday
658,20150728,28,7,2015,3,Tuesday
806,20151223,23,12,2015,4,Wednesday
660,20150730,30,7,2015,3,Thursday
661,20150731,31,7,2015,3,Friday
662,20150801,1,8,2015,3,Saturday
1574,20180131,31,1,2018,1,Wednesday
663,20150802,2,8,2015,3,Sunday
664,20150803,3,8,2015,3,Monday
665,20150804,4,8,2015,3,Tuesday
666,20150805,5,8,2015,3,Wednesday
715,20150923,23,9,2015,3,Wednesday
1491,20171109,9,11,2017,4,Thursday
668,20150807,7,8,2015,3,Friday
669,20150808,8,8,2015,3,Saturday
670,20150809,9,8,2015,3,Sunday
671,20150810,10,8,2015,3,Monday
672,20150811,11,8,2015,3,Tuesday
1517,20171205,5,12,2017,4,Tuesday
674,20150813,13,8,2015,3,Thursday
891,20160317,17,3,2016,1,Thursday
676,20150815,15,8,2015,3,Saturday
677,20150816,16,8,2015,3,Sunday
678,20150817,17,8,2015,3,Monday
679,20150818,18,8,2015,3,Tuesday
681,20150820,20,8,2015,3,Thursday
683,20150822,22,8,2015,3,Saturday
684,20150823,23,8,2015,3,Sunday
685,20150824,24,8,2015,3,Monday
687,20150826,26,8,2015,3,Wednesday
1396,20170806,6,8,2017,3,Sunday
688,20150827,27,8,2015,3,Thursday
689,20150828,28,8,2015,3,Friday
690,20150829,29,8,2015,3,Saturday
691,20150830,30,8,2015,3,Sunday
1125,20161107,7,11,2016,4,Monday
1165,20161217,17,12,2016,4,Saturday
694,20150902,2,9,2015,3,Wednesday
695,20150903,3,9,2015,3,Thursday
696,20150904,4,9,2015,3,Friday
697,20150905,5,9,2015,3,Saturday
698,20150906,6,9,2015,3,Sunday
699,20150907,7,9,2015,3,Monday
700,20150908,8,9,2015,3,Tuesday
701,20150909,9,9,2015,3,Wednesday
1046,20160820,20,8,2016,3,Saturday
1251,20170314,14,3,2017,1,Tuesday
703,20150911,11,9,2015,3,Friday
704,20150912,12,9,2015,3,Saturday
706,20150914,14,9,2015,3,Monday
707,20150915,15,9,2015,3,Tuesday
708,20150916,16,9,2015,3,Wednesday
709,20150917,17,9,2015,3,Thursday
710,20150918,18,9,2015,3,Friday
711,20150919,19,9,2015,3,Saturday
712,20150920,20,9,2015,3,Sunday
1399,20170809,9,8,2017,3,Wednesday
713,20150921,21,9,2015,3,Monday
714,20150922,22,9,2015,3,Tuesday
716,20150924,24,9,2015,3,Thursday
717,20150925,25,9,2015,3,Friday
718,20150926,26,9,2015,3,Saturday
987,20160622,22,6,2016,2,Wednesday
721,20150929,29,9,2015,3,Tuesday
1277,20170409,9,4,2017,2,Sunday
723,20151001,1,10,2015,4,Thursday
724,20151002,2,10,2015,4,Friday
1196,20170117,17,1,2017,1,Tuesday
1493,20171111,11,11,2017,4,Saturday
725,20151003,3,10,2015,4,Saturday
729,20151007,7,10,2015,4,Wednesday
730,20151008,8,10,2015,4,Thursday
731,20151009,9,10,2015,4,Friday
732,20151010,10,10,2015,4,Saturday
733,20151011,11,10,2015,4,Sunday
734,20151012,12,10,2015,4,Monday
735,20151013,13,10,2015,4,Tuesday
736,20151014,14,10,2015,4,Wednesday
737,20151015,15,10,2015,4,Thursday
738,20151016,16,10,2015,4,Friday
739,20151017,17,10,2015,4,Saturday
740,20151018,18,10,2015,4,Sunday
1506,20171124,24,11,2017,4,Friday
742,20151020,20,10,2015,4,Tuesday
743,20151021,21,10,2015,4,Wednesday
1008,20160713,13,7,2016,3,Wednesday
1465,20171014,14,10,2017,4,Saturday
744,20151022,22,10,2015,4,Thursday
745,20151023,23,10,2015,4,Friday
746,20151024,24,10,2015,4,Saturday
747,20151025,25,10,2015,4,Sunday
748,20151026,26,10,2015,4,Monday
1163,20161215,15,12,2016,4,Thursday
749,20151027,27,10,2015,4,Tuesday
910,20160405,5,4,2016,2,Tuesday
750,20151028,28,10,2015,4,Wednesday
751,20151029,29,10,2015,4,Thursday
752,20151030,30,10,2015,4,Friday
753,20151031,31,10,2015,4,Saturday
754,20151101,1,11,2015,4,Sunday
755,20151102,2,11,2015,4,Monday
756,20151103,3,11,2015,4,Tuesday
758,20151105,5,11,2015,4,Thursday
760,20151107,7,11,2015,4,Saturday
761,20151108,8,11,2015,4,Sunday
762,20151109,9,11,2015,4,Monday
763,20151110,10,11,2015,4,Tuesday
764,20151111,11,11,2015,4,Wednesday
765,20151112,12,11,2015,4,Thursday
767,20151114,14,11,2015,4,Saturday
768,20151115,15,11,2015,4,Sunday
769,20151116,16,11,2015,4,Monday
771,20151118,18,11,2015,4,Wednesday
772,20151119,19,11,2015,4,Thursday
1121,20161103,3,11,2016,4,Thursday
774,20151121,21,11,2015,4,Saturday
775,20151122,22,11,2015,4,Sunday
776,20151123,23,11,2015,4,Monday
778,20151125,25,11,2015,4,Wednesday
779,20151126,26,11,2015,4,Thursday
913,20160408,8,4,2016,2,Friday
967,20160601,1,6,2016,2,Wednesday
1066,20160909,9,9,2016,3,Friday
783,20151130,30,11,2015,4,Monday
784,20151201,1,12,2015,4,Tuesday
1626,20180324,24,3,2018,1,Saturday
786,20151203,3,12,2015,4,Thursday
805,20151222,22,12,2015,4,Tuesday
787,20151204,4,12,2015,4,Friday
788,20151205,5,12,2015,4,Saturday
789,20151206,6,12,2015,4,Sunday
791,20151208,8,12,2015,4,Tuesday
795,20151212,12,12,2015,4,Saturday
1467,20171016,16,10,2017,4,Monday
796,20151213,13,12,2015,4,Sunday
797,20151214,14,12,2015,4,Monday
798,20151215,15,12,2015,4,Tuesday
799,20151216,16,12,2015,4,Wednesday
800,20151217,17,12,2015,4,Thursday
801,20151218,18,12,2015,4,Friday
802,20151219,19,12,2015,4,Saturday
803,20151220,20,12,2015,4,Sunday
808,20151225,25,12,2015,4,Friday
809,20151226,26,12,2015,4,Saturday
810,20151227,27,12,2015,4,Sunday
1604,20180302,2,3,2018,1,Friday
811,20151228,28,12,2015,4,Monday
812,20151229,29,12,2015,4,Tuesday
813,20151230,30,12,2015,4,Wednesday
814,20151231,31,12,2015,4,Thursday
815,20160101,1,1,2016,1,Friday
816,20160102,2,1,2016,1,Saturday
818,20160104,4,1,2016,1,Monday
819,20160105,5,1,2016,1,Tuesday
820,20160106,6,1,2016,1,Wednesday
821,20160107,7,1,2016,1,Thursday
822,20160108,8,1,2016,1,Friday
826,20160112,12,1,2016,1,Tuesday
827,20160113,13,1,2016,1,Wednesday
828,20160114,14,1,2016,1,Thursday
829,20160115,15,1,2016,1,Friday
831,20160117,17,1,2016,1,Sunday
833,20160119,19,1,2016,1,Tuesday
834,20160120,20,1,2016,1,Wednesday
1310,20170512,12,5,2017,2,Friday
836,20160122,22,1,2016,1,Friday
837,20160123,23,1,2016,1,Saturday
838,20160124,24,1,2016,1,Sunday
839,20160125,25,1,2016,1,Monday
840,20160126,26,1,2016,1,Tuesday
843,20160129,29,1,2016,1,Friday
841,20160127,27,1,2016,1,Wednesday
842,20160128,28,1,2016,1,Thursday
845,20160131,31,1,2016,1,Sunday
846,20160201,1,2,2016,1,Monday
848,20160203,3,2,2016,1,Wednesday
849,20160204,4,2,2016,1,Thursday
850,20160205,5,2,2016,1,Friday
851,20160206,6,2,2016,1,Saturday
852,20160207,7,2,2016,1,Sunday
1360,20170701,1,7,2017,3,Saturday
855,20160210,10,2,2016,1,Wednesday
856,20160211,11,2,2016,1,Thursday
857,20160212,12,2,2016,1,Friday
858,20160213,13,2,2016,1,Saturday
859,20160214,14,2,2016,1,Sunday
860,20160215,15,2,2016,1,Monday
1593,20180219,19,2,2018,1,Monday
1116,20161029,29,10,2016,4,Saturday
861,20160216,16,2,2016,1,Tuesday
862,20160217,17,2,2016,1,Wednesday
863,20160218,18,2,2016,1,Thursday
865,20160220,20,2,2016,1,Saturday
866,20160221,21,2,2016,1,Sunday
867,20160222,22,2,2016,1,Monday
868,20160223,23,2,2016,1,Tuesday
869,20160224,24,2,2016,1,Wednesday
871,20160226,26,2,2016,1,Friday
872,20160227,27,2,2016,1,Saturday
873,20160228,28,2,2016,1,Sunday
876,20160302,2,3,2016,1,Wednesday
877,20160303,3,3,2016,1,Thursday
878,20160304,4,3,2016,1,Friday
879,20160305,5,3,2016,1,Saturday
880,20160306,6,3,2016,1,Sunday
881,20160307,7,3,2016,1,Monday
1544,20180101,1,1,2018,1,Monday
882,20160308,8,3,2016,1,Tuesday
971,20160605,5,6,2016,2,Sunday
883,20160309,9,3,2016,1,Wednesday
884,20160310,10,3,2016,1,Thursday
885,20160311,11,3,2016,1,Friday
886,20160312,12,3,2016,1,Saturday
887,20160313,13,3,2016,1,Sunday
888,20160314,14,3,2016,1,Monday
889,20160315,15,3,2016,1,Tuesday
890,20160316,16,3,2016,1,Wednesday
892,20160318,18,3,2016,1,Friday
893,20160319,19,3,2016,1,Saturday
894,20160320,20,3,2016,1,Sunday
895,20160321,21,3,2016,1,Monday
896,20160322,22,3,2016,1,Tuesday
897,20160323,23,3,2016,1,Wednesday
1185,20170106,6,1,2017,1,Friday
1242,20170305,5,3,2017,1,Sunday
898,20160324,24,3,2016,1,Thursday
900,20160326,26,3,2016,1,Saturday
902,20160328,28,3,2016,1,Monday
903,20160329,29,3,2016,1,Tuesday
905,20160331,31,3,2016,1,Thursday
907,20160402,2,4,2016,2,Saturday
908,20160403,3,4,2016,2,Sunday
1405,20170815,15,8,2017,3,Tuesday
911,20160406,6,4,2016,2,Wednesday
912,20160407,7,4,2016,2,Thursday
914,20160409,9,4,2016,2,Saturday
915,20160410,10,4,2016,2,Sunday
916,20160411,11,4,2016,2,Monday
919,20160414,14,4,2016,2,Thursday
921,20160416,16,4,2016,2,Saturday
922,20160417,17,4,2016,2,Sunday
923,20160418,18,4,2016,2,Monday
1056,20160830,30,8,2016,3,Tuesday
924,20160419,19,4,2016,2,Tuesday
925,20160420,20,4,2016,2,Wednesday
830,20160116,16,1,2016,1,Saturday
927,20160422,22,4,2016,2,Friday
928,20160423,23,4,2016,2,Saturday
929,20160424,24,4,2016,2,Sunday
931,20160426,26,4,2016,2,Tuesday
1313,20170515,15,5,2017,2,Monday
932,20160427,27,4,2016,2,Wednesday
933,20160428,28,4,2016,2,Thursday
935,20160430,30,4,2016,2,Saturday
937,20160502,2,5,2016,2,Monday
939,20160504,4,5,2016,2,Wednesday
940,20160505,5,5,2016,2,Thursday
941,20160506,6,5,2016,2,Friday
973,20160607,7,6,2016,2,Tuesday
942,20160507,7,5,2016,2,Saturday
944,20160509,9,5,2016,2,Monday
946,20160511,11,5,2016,2,Wednesday
947,20160512,12,5,2016,2,Thursday
948,20160513,13,5,2016,2,Friday
1453,20171002,2,10,2017,4,Monday
951,20160516,16,5,2016,2,Monday
952,20160517,17,5,2016,2,Tuesday
1425,20170904,4,9,2017,3,Monday
954,20160519,19,5,2016,2,Thursday
1327,20170529,29,5,2017,2,Monday
955,20160520,20,5,2016,2,Friday
1321,20170523,23,5,2017,2,Tuesday
1054,20160828,28,8,2016,3,Sunday
1239,20170302,2,3,2017,1,Thursday
957,20160522,22,5,2016,2,Sunday
959,20160524,24,5,2016,2,Tuesday
960,20160525,25,5,2016,2,Wednesday
1182,20170103,3,1,2017,1,Tuesday
961,20160526,26,5,2016,2,Thursday
962,20160527,27,5,2016,2,Friday
963,20160528,28,5,2016,2,Saturday
964,20160529,29,5,2016,2,Sunday
965,20160530,30,5,2016,2,Monday
968,20160602,2,6,2016,2,Thursday
970,20160604,4,6,2016,2,Saturday
972,20160606,6,6,2016,2,Monday
976,20160610,10,6,2016,2,Friday
978,20160612,12,6,2016,2,Sunday
979,20160613,13,6,2016,2,Monday
1614,20180312,12,3,2018,1,Monday
980,20160614,14,6,2016,2,Tuesday
981,20160615,15,6,2016,2,Wednesday
1471,20171020,20,10,2017,4,Friday
982,20160616,16,6,2016,2,Thursday
983,20160618,18,6,2016,2,Saturday
984,20160619,19,6,2016,2,Sunday
985,20160620,20,6,2016,2,Monday
986,20160621,21,6,2016,2,Tuesday
989,20160624,24,6,2016,2,Friday
1023,20160728,28,7,2016,3,Thursday
1283,20170415,15,4,2017,2,Saturday
991,20160626,26,6,2016,2,Sunday
992,20160627,27,6,2016,2,Monday
993,20160628,28,6,2016,2,Tuesday
994,20160629,29,6,2016,2,Wednesday
995,20160630,30,6,2016,2,Thursday
996,20160701,1,7,2016,3,Friday
998,20160703,3,7,2016,3,Sunday
505,20150224,24,2,2015,1,Tuesday
1270,20170402,2,4,2017,2,Sunday
1000,20160705,5,7,2016,3,Tuesday
1004,20160709,9,7,2016,3,Saturday
1005,20160710,10,7,2016,3,Sunday
1440,20170919,19,9,2017,3,Tuesday
1006,20160711,11,7,2016,3,Monday
1007,20160712,12,7,2016,3,Tuesday
1009,20160714,14,7,2016,3,Thursday
1011,20160716,16,7,2016,3,Saturday
1092,20161005,5,10,2016,4,Wednesday
1012,20160717,17,7,2016,3,Sunday
1013,20160718,18,7,2016,3,Monday
1014,20160719,19,7,2016,3,Tuesday
1015,20160720,20,7,2016,3,Wednesday
1132,20161114,14,11,2016,4,Monday
1016,20160721,21,7,2016,3,Thursday
1017,20160722,22,7,2016,3,Friday
1018,20160723,23,7,2016,3,Saturday
1019,20160724,24,7,2016,3,Sunday
1076,20160919,19,9,2016,3,Monday
1020,20160725,25,7,2016,3,Monday
1127,20161109,9,11,2016,4,Wednesday
1021,20160726,26,7,2016,3,Tuesday
1022,20160727,27,7,2016,3,Wednesday
1024,20160729,29,7,2016,3,Friday
1025,20160730,30,7,2016,3,Saturday
1026,20160731,31,7,2016,3,Sunday
1027,20160801,1,8,2016,3,Monday
1028,20160802,2,8,2016,3,Tuesday
1029,20160803,3,8,2016,3,Wednesday
600,20150531,31,5,2015,2,Sunday
1030,20160804,4,8,2016,3,Thursday
1032,20160806,6,8,2016,3,Saturday
1033,20160807,7,8,2016,3,Sunday
1128,20161110,10,11,2016,4,Thursday
1035,20160809,9,8,2016,3,Tuesday
1384,20170725,25,7,2017,3,Tuesday
1037,20160811,11,8,2016,3,Thursday
1315,20170517,17,5,2017,2,Wednesday
1039,20160813,13,8,2016,3,Saturday
1040,20160814,14,8,2016,3,Sunday
1041,20160815,15,8,2016,3,Monday
1043,20160817,17,8,2016,3,Wednesday
1045,20160819,19,8,2016,3,Friday
1538,20171226,26,12,2017,4,Tuesday
1047,20160821,21,8,2016,3,Sunday
1048,20160822,22,8,2016,3,Monday
1052,20160826,26,8,2016,3,Friday
1053,20160827,27,8,2016,3,Saturday
1055,20160829,29,8,2016,3,Monday
1619,20180317,17,3,2018,1,Saturday
1057,20160831,31,8,2016,3,Wednesday
1058,20160901,1,9,2016,3,Thursday
1060,20160903,3,9,2016,3,Saturday
1061,20160904,4,9,2016,3,Sunday
1062,20160905,5,9,2016,3,Monday
1063,20160906,6,9,2016,3,Tuesday
1064,20160907,7,9,2016,3,Wednesday
1065,20160908,8,9,2016,3,Thursday
1067,20160910,10,9,2016,3,Saturday
1068,20160911,11,9,2016,3,Sunday
1069,20160912,12,9,2016,3,Monday
1070,20160913,13,9,2016,3,Tuesday
1071,20160914,14,9,2016,3,Wednesday
1072,20160915,15,9,2016,3,Thursday
1073,20160916,16,9,2016,3,Friday
1528,20171216,16,12,2017,4,Saturday
1078,20160921,21,9,2016,3,Wednesday
1079,20160922,22,9,2016,3,Thursday
1080,20160923,23,9,2016,3,Friday
1489,20171107,7,11,2017,4,Tuesday
1082,20160925,25,9,2016,3,Sunday
1084,20160927,27,9,2016,3,Tuesday
1085,20160928,28,9,2016,3,Wednesday
1087,20160930,30,9,2016,3,Friday
1088,20161001,1,10,2016,4,Saturday
1089,20161002,2,10,2016,4,Sunday
1091,20161004,4,10,2016,4,Tuesday
1093,20161006,6,10,2016,4,Thursday
1095,20161008,8,10,2016,4,Saturday
1096,20161009,9,10,2016,4,Sunday
1097,20161010,10,10,2016,4,Monday
1098,20161011,11,10,2016,4,Tuesday
1099,20161012,12,10,2016,4,Wednesday
1100,20161013,13,10,2016,4,Thursday
1101,20161014,14,10,2016,4,Friday
1102,20161015,15,10,2016,4,Saturday
1104,20161017,17,10,2016,4,Monday
1105,20161018,18,10,2016,4,Tuesday
1106,20161019,19,10,2016,4,Wednesday
1107,20161020,20,10,2016,4,Thursday
1108,20161021,21,10,2016,4,Friday
1109,20161022,22,10,2016,4,Saturday
1110,20161023,23,10,2016,4,Sunday
1281,20170413,13,4,2017,2,Thursday
1111,20161024,24,10,2016,4,Monday
1112,20161025,25,10,2016,4,Tuesday
1113,20161026,26,10,2016,4,Wednesday
1114,20161027,27,10,2016,4,Thursday
1118,20161031,31,10,2016,4,Monday
1120,20161102,2,11,2016,4,Wednesday
1585,20180211,11,2,2018,1,Sunday
1122,20161104,4,11,2016,4,Friday
1123,20161105,5,11,2016,4,Saturday
1124,20161106,6,11,2016,4,Sunday
1126,20161108,8,11,2016,4,Tuesday
1129,20161111,11,11,2016,4,Friday
1130,20161112,12,11,2016,4,Saturday
1131,20161113,13,11,2016,4,Sunday
1134,20161116,16,11,2016,4,Wednesday
1438,20170917,17,9,2017,3,Sunday
1393,20170803,3,8,2017,3,Thursday
1136,20161118,18,11,2016,4,Friday
1137,20161119,19,11,2016,4,Saturday
1139,20161121,21,11,2016,4,Monday
1622,20180320,20,3,2018,1,Tuesday
1142,20161124,24,11,2016,4,Thursday
1143,20161125,25,11,2016,4,Friday
1145,20161127,27,11,2016,4,Sunday
1146,20161128,28,11,2016,4,Monday
1147,20161129,29,11,2016,4,Tuesday
1150,20161202,2,12,2016,4,Friday
1151,20161203,3,12,2016,4,Saturday
1152,20161204,4,12,2016,4,Sunday
1153,20161205,5,12,2016,4,Monday
1154,20161206,6,12,2016,4,Tuesday
1415,20170825,25,8,2017,3,Friday
1537,20171225,25,12,2017,4,Monday
1156,20161208,8,12,2016,4,Thursday
1157,20161209,9,12,2016,4,Friday
1158,20161210,10,12,2016,4,Saturday
1159,20161211,11,12,2016,4,Sunday
1160,20161212,12,12,2016,4,Monday
1161,20161213,13,12,2016,4,Tuesday
1162,20161214,14,12,2016,4,Wednesday
1172,20161224,24,12,2016,4,Saturday
1164,20161216,16,12,2016,4,Friday
1433,20170912,12,9,2017,3,Tuesday
1166,20161218,18,12,2016,4,Sunday
1168,20161220,20,12,2016,4,Tuesday
1169,20161221,21,12,2016,4,Wednesday
1170,20161222,22,12,2016,4,Thursday
1171,20161223,23,12,2016,4,Friday
1173,20161225,25,12,2016,4,Sunday
1174,20161226,26,12,2016,4,Monday
1175,20161227,27,12,2016,4,Tuesday
1176,20161228,28,12,2016,4,Wednesday
1177,20161229,29,12,2016,4,Thursday
1178,20161230,30,12,2016,4,Friday
1179,20161231,31,12,2016,4,Saturday
1183,20170104,4,1,2017,1,Wednesday
1184,20170105,5,1,2017,1,Thursday
1186,20170107,7,1,2017,1,Saturday
1187,20170108,8,1,2017,1,Sunday
1189,20170110,10,1,2017,1,Tuesday
1190,20170111,11,1,2017,1,Wednesday
1191,20170112,12,1,2017,1,Thursday
1192,20170113,13,1,2017,1,Friday
1194,20170115,15,1,2017,1,Sunday
1195,20170116,16,1,2017,1,Monday
1198,20170119,19,1,2017,1,Thursday
1199,20170120,20,1,2017,1,Friday
1200,20170121,21,1,2017,1,Saturday
1201,20170122,22,1,2017,1,Sunday
1202,20170123,23,1,2017,1,Monday
1203,20170125,25,1,2017,1,Wednesday
1204,20170126,26,1,2017,1,Thursday
1207,20170129,29,1,2017,1,Sunday
1208,20170130,30,1,2017,1,Monday
1210,20170201,1,2,2017,1,Wednesday
1213,20170204,4,2,2017,1,Saturday
1216,20170207,7,2,2017,1,Tuesday
1347,20170618,18,6,2017,2,Sunday
1217,20170208,8,2,2017,1,Wednesday
1218,20170209,9,2,2017,1,Thursday
1424,20170903,3,9,2017,3,Sunday
1220,20170211,11,2,2017,1,Saturday
1221,20170212,12,2,2017,1,Sunday
1222,20170213,13,2,2017,1,Monday
1223,20170214,14,2,2017,1,Tuesday
1224,20170215,15,2,2017,1,Wednesday
1226,20170217,17,2,2017,1,Friday
1227,20170218,18,2,2017,1,Saturday
1228,20170219,19,2,2017,1,Sunday
1557,20180114,14,1,2018,1,Sunday
1230,20170221,21,2,2017,1,Tuesday
1231,20170222,22,2,2017,1,Wednesday
1233,20170224,24,2,2017,1,Friday
1234,20170225,25,2,2017,1,Saturday
1235,20170226,26,2,2017,1,Sunday
1236,20170227,27,2,2017,1,Monday
1569,20180126,26,1,2018,1,Friday
1566,20180123,23,1,2018,1,Tuesday
1248,20170311,11,3,2017,1,Saturday
1344,20170615,15,6,2017,2,Thursday
1240,20170303,3,3,2017,1,Friday
1241,20170304,4,3,2017,1,Saturday
1385,20170726,26,7,2017,3,Wednesday
1243,20170306,6,3,2017,1,Monday
1244,20170307,7,3,2017,1,Tuesday
1246,20170309,9,3,2017,1,Thursday
1395,20170805,5,8,2017,3,Saturday
1249,20170312,12,3,2017,1,Sunday
1250,20170313,13,3,2017,1,Monday
1529,20171217,17,12,2017,4,Sunday
1212,20170203,3,2,2017,1,Friday
1252,20170315,15,3,2017,1,Wednesday
1253,20170316,16,3,2017,1,Thursday
1254,20170317,17,3,2017,1,Friday
1255,20170318,18,3,2017,1,Saturday
1256,20170319,19,3,2017,1,Sunday
1257,20170320,20,3,2017,1,Monday
1258,20170321,21,3,2017,1,Tuesday
1259,20170322,22,3,2017,1,Wednesday
1260,20170323,23,3,2017,1,Thursday
1485,20171103,3,11,2017,4,Friday
1261,20170324,24,3,2017,1,Friday
1263,20170326,26,3,2017,1,Sunday
1264,20170327,27,3,2017,1,Monday
1265,20170328,28,3,2017,1,Tuesday
1266,20170329,29,3,2017,1,Wednesday
1267,20170330,30,3,2017,1,Thursday
1269,20170401,1,4,2017,2,Saturday
1271,20170403,3,4,2017,2,Monday
1272,20170404,4,4,2017,2,Tuesday
1273,20170405,5,4,2017,2,Wednesday
1274,20170406,6,4,2017,2,Thursday
1276,20170408,8,4,2017,2,Saturday
1279,20170411,11,4,2017,2,Tuesday
1280,20170412,12,4,2017,2,Wednesday
1282,20170414,14,4,2017,2,Friday
1284,20170416,16,4,2017,2,Sunday
1285,20170417,17,4,2017,2,Monday
1287,20170419,19,4,2017,2,Wednesday
1472,20171021,21,10,2017,4,Saturday
1288,20170420,20,4,2017,2,Thursday
1289,20170421,21,4,2017,2,Friday
1290,20170422,22,4,2017,2,Saturday
1292,20170424,24,4,2017,2,Monday
1294,20170426,26,4,2017,2,Wednesday
1296,20170428,28,4,2017,2,Friday
1546,20180103,3,1,2018,1,Wednesday
1297,20170429,29,4,2017,2,Saturday
1298,20170430,30,4,2017,2,Sunday
1299,20170501,1,5,2017,2,Monday
1300,20170502,2,5,2017,2,Tuesday
1301,20170503,3,5,2017,2,Wednesday
1302,20170504,4,5,2017,2,Thursday
1303,20170505,5,5,2017,2,Friday
1304,20170506,6,5,2017,2,Saturday
1305,20170507,7,5,2017,2,Sunday
1306,20170508,8,5,2017,2,Monday
1307,20170509,9,5,2017,2,Tuesday
1308,20170510,10,5,2017,2,Wednesday
1311,20170513,13,5,2017,2,Saturday
1312,20170514,14,5,2017,2,Sunday
1314,20170516,16,5,2017,2,Tuesday
1316,20170518,18,5,2017,2,Thursday
1317,20170519,19,5,2017,2,Friday
1318,20170520,20,5,2017,2,Saturday
1319,20170521,21,5,2017,2,Sunday
1592,20180218,18,2,2018,1,Sunday
1320,20170522,22,5,2017,2,Monday
1322,20170524,24,5,2017,2,Wednesday
1323,20170525,25,5,2017,2,Thursday
1324,20170526,26,5,2017,2,Friday
1451,20170930,30,9,2017,3,Saturday
1325,20170527,27,5,2017,2,Saturday
1326,20170528,28,5,2017,2,Sunday
1328,20170530,30,5,2017,2,Tuesday
1329,20170531,31,5,2017,2,Wednesday
1330,20170601,1,6,2017,2,Thursday
1331,20170602,2,6,2017,2,Friday
1332,20170603,3,6,2017,2,Saturday
1333,20170604,4,6,2017,2,Sunday
1334,20170605,5,6,2017,2,Monday
1336,20170607,7,6,2017,2,Wednesday
1337,20170608,8,6,2017,2,Thursday
1338,20170609,9,6,2017,2,Friday
1339,20170610,10,6,2017,2,Saturday
1340,20170611,11,6,2017,2,Sunday
1341,20170612,12,6,2017,2,Monday
1357,20170628,28,6,2017,2,Wednesday
1342,20170613,13,6,2017,2,Tuesday
1345,20170616,16,6,2017,2,Friday
1346,20170617,17,6,2017,2,Saturday
1348,20170619,19,6,2017,2,Monday
1349,20170620,20,6,2017,2,Tuesday
1350,20170621,21,6,2017,2,Wednesday
1351,20170622,22,6,2017,2,Thursday
1352,20170623,23,6,2017,2,Friday
1353,20170624,24,6,2017,2,Saturday
1584,20180210,10,2,2018,1,Saturday
1354,20170625,25,6,2017,2,Sunday
1355,20170626,26,6,2017,2,Monday
1356,20170627,27,6,2017,2,Tuesday
1359,20170630,30,6,2017,2,Friday
1361,20170702,2,7,2017,3,Sunday
1362,20170703,3,7,2017,3,Monday
1363,20170704,4,7,2017,3,Tuesday
1364,20170705,5,7,2017,3,Wednesday
1488,20171106,6,11,2017,4,Monday
1365,20170706,6,7,2017,3,Thursday
1512,20171130,30,11,2017,4,Thursday
1366,20170707,7,7,2017,3,Friday
1573,20180130,30,1,2018,1,Tuesday
1367,20170708,8,7,2017,3,Saturday
1368,20170709,9,7,2017,3,Sunday
1369,20170710,10,7,2017,3,Monday
1370,20170711,11,7,2017,3,Tuesday
1371,20170712,12,7,2017,3,Wednesday
1372,20170713,13,7,2017,3,Thursday
1374,20170715,15,7,2017,3,Saturday
1375,20170716,16,7,2017,3,Sunday
1376,20170717,17,7,2017,3,Monday
1377,20170718,18,7,2017,3,Tuesday
1379,20170720,20,7,2017,3,Thursday
1402,20170812,12,8,2017,3,Saturday
1382,20170723,23,7,2017,3,Sunday
1383,20170724,24,7,2017,3,Monday
1386,20170727,27,7,2017,3,Thursday
1388,20170729,29,7,2017,3,Saturday
1389,20170730,30,7,2017,3,Sunday
1390,20170731,31,7,2017,3,Monday
1391,20170801,1,8,2017,3,Tuesday
1398,20170808,8,8,2017,3,Tuesday
1400,20170810,10,8,2017,3,Thursday
1403,20170813,13,8,2017,3,Sunday
1404,20170814,14,8,2017,3,Monday
1407,20170817,17,8,2017,3,Thursday
1408,20170818,18,8,2017,3,Friday
1409,20170819,19,8,2017,3,Saturday
1410,20170820,20,8,2017,3,Sunday
1411,20170821,21,8,2017,3,Monday
1412,20170822,22,8,2017,3,Tuesday
1413,20170823,23,8,2017,3,Wednesday
1414,20170824,24,8,2017,3,Thursday
1416,20170826,26,8,2017,3,Saturday
1473,20171022,22,10,2017,4,Sunday
1417,20170827,27,8,2017,3,Sunday
1418,20170828,28,8,2017,3,Monday
1419,20170829,29,8,2017,3,Tuesday
1420,20170830,30,8,2017,3,Wednesday
1421,20170831,31,8,2017,3,Thursday
1422,20170901,1,9,2017,3,Friday
1423,20170902,2,9,2017,3,Saturday
1426,20170905,5,9,2017,3,Tuesday
1428,20170907,7,9,2017,3,Thursday
1429,20170908,8,9,2017,3,Friday
1431,20170910,10,9,2017,3,Sunday
1432,20170911,11,9,2017,3,Monday
1434,20170913,13,9,2017,3,Wednesday
1435,20170914,14,9,2017,3,Thursday
1437,20170916,16,9,2017,3,Saturday
1439,20170918,18,9,2017,3,Monday
1540,20171228,28,12,2017,4,Thursday
1441,20170920,20,9,2017,3,Wednesday
1442,20170921,21,9,2017,3,Thursday
391,20141102,2,11,2014,4,Sunday
1443,20170922,22,9,2017,3,Friday
1444,20170923,23,9,2017,3,Saturday
1445,20170924,24,9,2017,3,Sunday
1446,20170925,25,9,2017,3,Monday
1447,20170926,26,9,2017,3,Tuesday
1448,20170927,27,9,2017,3,Wednesday
1449,20170928,28,9,2017,3,Thursday
1450,20170929,29,9,2017,3,Friday
1452,20171001,1,10,2017,4,Sunday
1454,20171003,3,10,2017,4,Tuesday
1455,20171004,4,10,2017,4,Wednesday
1476,20171025,25,10,2017,4,Wednesday
1456,20171005,5,10,2017,4,Thursday
1458,20171007,7,10,2017,4,Saturday
1459,20171008,8,10,2017,4,Sunday
1461,20171010,10,10,2017,4,Tuesday
1463,20171012,12,10,2017,4,Thursday
1464,20171013,13,10,2017,4,Friday
1466,20171015,15,10,2017,4,Sunday
1468,20171017,17,10,2017,4,Tuesday
1470,20171019,19,10,2017,4,Thursday
1474,20171023,23,10,2017,4,Monday
1475,20171024,24,10,2017,4,Tuesday
1477,20171026,26,10,2017,4,Thursday
1478,20171027,27,10,2017,4,Friday
1479,20171028,28,10,2017,4,Saturday
1480,20171029,29,10,2017,4,Sunday
1481,20171030,30,10,2017,4,Monday
1482,20171031,31,10,2017,4,Tuesday
1484,20171102,2,11,2017,4,Thursday
1486,20171104,4,11,2017,4,Saturday
1487,20171105,5,11,2017,4,Sunday
1625,20180323,23,3,2018,1,Friday
1490,20171108,8,11,2017,4,Wednesday
1492,20171110,10,11,2017,4,Friday
1495,20171113,13,11,2017,4,Monday
1496,20171114,14,11,2017,4,Tuesday
1498,20171116,16,11,2017,4,Thursday
1499,20171117,17,11,2017,4,Friday
1500,20171118,18,11,2017,4,Saturday
1501,20171119,19,11,2017,4,Sunday
1502,20171120,20,11,2017,4,Monday
1503,20171121,21,11,2017,4,Tuesday
1504,20171122,22,11,2017,4,Wednesday
1505,20171123,23,11,2017,4,Thursday
1507,20171125,25,11,2017,4,Saturday
1508,20171126,26,11,2017,4,Sunday
1510,20171128,28,11,2017,4,Tuesday
1511,20171129,29,11,2017,4,Wednesday
1513,20171201,1,12,2017,4,Friday
1514,20171202,2,12,2017,4,Saturday
1516,20171204,4,12,2017,4,Monday
1518,20171206,6,12,2017,4,Wednesday
1519,20171207,7,12,2017,4,Thursday
1520,20171208,8,12,2017,4,Friday
1521,20171209,9,12,2017,4,Saturday
1523,20171211,11,12,2017,4,Monday
1524,20171212,12,12,2017,4,Tuesday
1525,20171213,13,12,2017,4,Wednesday
1526,20171214,14,12,2017,4,Thursday
1527,20171215,15,12,2017,4,Friday
1530,20171218,18,12,2017,4,Monday
1531,20171219,19,12,2017,4,Tuesday
1532,20171220,20,12,2017,4,Wednesday
1533,20171221,21,12,2017,4,Thursday
1534,20171222,22,12,2017,4,Friday
1535,20171223,23,12,2017,4,Saturday
1536,20171224,24,12,2017,4,Sunday
1539,20171227,27,12,2017,4,Wednesday
1541,20171229,29,12,2017,4,Friday
1542,20171230,30,12,2017,4,Saturday
1543,20171231,31,12,2017,4,Sunday
1545,20180102,2,1,2018,1,Tuesday
1547,20180104,4,1,2018,1,Thursday
1548,20180105,5,1,2018,1,Friday
1549,20180106,6,1,2018,1,Saturday
1550,20180107,7,1,2018,1,Sunday
1551,20180108,8,1,2018,1,Monday
1552,20180109,9,1,2018,1,Tuesday
1553,20180110,10,1,2018,1,Wednesday
171,20140327,27,3,2014,1,Thursday
1554,20180111,11,1,2018,1,Thursday
1555,20180112,12,1,2018,1,Friday
1556,20180113,13,1,2018,1,Saturday
1559,20180116,16,1,2018,1,Tuesday
1560,20180117,17,1,2018,1,Wednesday
1561,20180118,18,1,2018,1,Thursday
1562,20180119,19,1,2018,1,Friday
1563,20180120,20,1,2018,1,Saturday
1564,20180121,21,1,2018,1,Sunday
1565,20180122,22,1,2018,1,Monday
1567,20180124,24,1,2018,1,Wednesday
1568,20180125,25,1,2018,1,Thursday
1570,20180127,27,1,2018,1,Saturday
1571,20180128,28,1,2018,1,Sunday
1572,20180129,29,1,2018,1,Monday
1576,20180202,2,2,2018,1,Friday
1579,20180205,5,2,2018,1,Monday
1581,20180207,7,2,2018,1,Wednesday
1583,20180209,9,2,2018,1,Friday
1586,20180212,12,2,2018,1,Monday
1587,20180213,13,2,2018,1,Tuesday
1591,20180217,17,2,2018,1,Saturday
1588,20180214,14,2,2018,1,Wednesday
1589,20180215,15,2,2018,1,Thursday
1590,20180216,16,2,2018,1,Friday
1594,20180220,20,2,2018,1,Tuesday
1596,20180222,22,2,2018,1,Thursday
1597,20180223,23,2,2018,1,Friday
1598,20180224,24,2,2018,1,Saturday
1599,20180225,25,2,2018,1,Sunday
1600,20180226,26,2,2018,1,Monday
1601,20180227,27,2,2018,1,Tuesday
1602,20180228,28,2,2018,1,Wednesday
1603,20180301,1,3,2018,1,Thursday
1605,20180303,3,3,2018,1,Saturday
1606,20180304,4,3,2018,1,Sunday
1607,20180305,5,3,2018,1,Monday
1608,20180306,6,3,2018,1,Tuesday
1609,20180307,7,3,2018,1,Wednesday
1611,20180309,9,3,2018,1,Friday
1612,20180310,10,3,2018,1,Saturday
1613,20180311,11,3,2018,1,Sunday
1615,20180313,13,3,2018,1,Tuesday
1616,20180314,14,3,2018,1,Wednesday
1617,20180315,15,3,2018,1,Thursday
1618,20180316,16,3,2018,1,Friday
1620,20180318,18,3,2018,1,Sunday
1621,20180319,19,3,2018,1,Monday
1623,20180321,21,3,2018,1,Wednesday
1624,20180322,22,3,2018,1,Thursday
1627,20180325,25,3,2018,1,Sunday
1628,20180326,26,3,2018,1,Monday
1629,20180327,27,3,2018,1,Tuesday
1630,20180328,28,3,2018,1,Wednesday
1632,20180330,30,3,2018,1,Friday
98,20140113,13,1,2014,1,Monday
107,20140122,22,1,2014,1,Wednesday
161,20140317,17,3,2014,1,Monday
188,20140413,13,4,2014,2,Sunday
230,20140525,25,5,2014,2,Sunday
295,20140729,29,7,2014,3,Tuesday
296,20140730,30,7,2014,3,Wednesday
308,20140811,11,8,2014,3,Monday
316,20140819,19,8,2014,3,Tuesday
339,20140911,11,9,2014,3,Thursday
341,20140913,13,9,2014,3,Saturday
356,20140928,28,9,2014,3,Sunday
365,20141007,7,10,2014,4,Tuesday
370,20141012,12,10,2014,4,Sunday
372,20141014,14,10,2014,4,Tuesday
385,20141027,27,10,2014,4,Monday
388,20141030,30,10,2014,4,Thursday
424,20141205,5,12,2014,4,Friday
434,20141215,15,12,2014,4,Monday
499,20150218,18,2,2015,1,Wednesday
523,20150314,14,3,2015,1,Saturday
538,20150329,29,3,2015,1,Sunday
579,20150510,10,5,2015,2,Sunday
904,20160330,30,3,2016,1,Wednesday
966,20160531,31,5,2016,2,Tuesday
349,20140921,21,9,2014,3,Sunday
1117,20161030,30,10,2016,4,Sunday
1247,20170310,10,3,2017,1,Friday
1291,20170423,23,4,2017,2,Sunday
1406,20170816,16,8,2017,3,Wednesday
1497,20171115,15,11,2017,4,Wednesday
1515,20171203,3,12,2017,4,Sunday
1522,20171210,10,12,2017,4,Sunday
30,20130516,16,5,2013,2,Thursday
150,20140306,6,3,2014,1,Thursday
181,20140406,6,4,2014,2,Sunday
184,20140409,9,4,2014,2,Wednesday
197,20140422,22,4,2014,2,Tuesday
200,20140425,25,4,2014,2,Friday
229,20140524,24,5,2014,2,Saturday
248,20140612,12,6,2014,2,Thursday
263,20140627,27,6,2014,2,Friday
264,20140628,28,6,2014,2,Saturday
360,20141002,2,10,2014,4,Thursday
421,20141202,2,12,2014,4,Tuesday
519,20150310,10,3,2015,1,Tuesday
526,20150317,17,3,2015,1,Tuesday
583,20150514,14,5,2015,2,Thursday
618,20150618,18,6,2015,2,Thursday
633,20150703,3,7,2015,3,Friday
741,20151019,19,10,2015,4,Monday
870,20160225,25,2,2016,1,Thursday
901,20160327,27,3,2016,1,Sunday
936,20160501,1,5,2016,2,Sunday
990,20160625,25,6,2016,2,Saturday
999,20160704,4,7,2016,3,Monday
1090,20161003,3,10,2016,4,Monday
1103,20161016,16,10,2016,4,Sunday
186,20140411,11,4,2014,2,Friday
1229,20170220,20,2,2017,1,Monday
163,20140319,19,3,2014,1,Wednesday
309,20140812,12,8,2014,3,Tuesday
441,20141222,22,12,2014,4,Monday
543,20150403,3,4,2015,2,Friday
611,20150611,11,6,2015,2,Thursday
675,20150814,14,8,2015,3,Friday
1036,20160810,10,8,2016,3,Wednesday
1275,20170407,7,4,2017,2,Friday
403,20141114,14,11,2014,4,Friday
702,20150910,10,9,2015,3,Thursday
96,20140111,11,1,2014,1,Saturday
117,20140201,1,2,2014,1,Saturday
189,20140414,14,4,2014,2,Monday
223,20140518,18,5,2014,2,Sunday
364,20141006,6,10,2014,4,Monday
427,20141208,8,12,2014,4,Monday
934,20160429,29,4,2016,2,Friday
413,20141124,24,11,2014,4,Monday
1577,20180203,3,2,2018,1,Saturday
224,20140519,19,5,2014,2,Monday
387,20141029,29,10,2014,4,Wednesday
433,20141214,14,12,2014,4,Sunday
472,20150122,22,1,2015,1,Thursday
607,20150607,7,6,2015,2,Sunday
644,20150714,14,7,2015,3,Tuesday
1181,20170102,2,1,2017,1,Monday
101,20140116,16,1,2014,1,Thursday
103,20140118,18,1,2014,1,Saturday
110,20140125,25,1,2014,1,Saturday
126,20140210,10,2,2014,1,Monday
131,20140215,15,2,2014,1,Saturday
139,20140223,23,2,2014,1,Sunday
140,20140224,24,2,2014,1,Monday
145,20140301,1,3,2014,1,Saturday
155,20140311,11,3,2014,1,Tuesday
157,20140313,13,3,2014,1,Thursday
162,20140318,18,3,2014,1,Tuesday
166,20140322,22,3,2014,1,Saturday
193,20140418,18,4,2014,2,Friday
221,20140516,16,5,2014,2,Friday
235,20140530,30,5,2014,2,Friday
237,20140601,1,6,2014,2,Sunday
246,20140610,10,6,2014,2,Tuesday
247,20140611,11,6,2014,2,Wednesday
251,20140615,15,6,2014,2,Sunday
257,20140621,21,6,2014,2,Saturday
279,20140713,13,7,2014,3,Sunday
285,20140719,19,7,2014,3,Saturday
294,20140728,28,7,2014,3,Monday
301,20140804,4,8,2014,3,Monday
304,20140807,7,8,2014,3,Thursday
306,20140809,9,8,2014,3,Saturday
334,20140906,6,9,2014,3,Saturday
345,20140917,17,9,2014,3,Wednesday
347,20140919,19,9,2014,3,Friday
351,20140923,23,9,2014,3,Tuesday
367,20141009,9,10,2014,4,Thursday
375,20141017,17,10,2014,4,Friday
376,20141018,18,10,2014,4,Saturday
377,20141019,19,10,2014,4,Sunday
394,20141105,5,11,2014,4,Wednesday
415,20141126,26,11,2014,4,Wednesday
432,20141213,13,12,2014,4,Saturday
471,20150121,21,1,2015,1,Wednesday
483,20150202,2,2,2015,1,Monday
504,20150223,23,2,2015,1,Monday
553,20150413,13,4,2015,2,Monday
573,20150504,4,5,2015,2,Monday
588,20150519,19,5,2015,2,Tuesday
773,20151120,20,11,2015,4,Friday
794,20151211,11,12,2015,4,Friday
835,20160121,21,1,2016,1,Thursday
847,20160202,2,2,2016,1,Tuesday
874,20160229,29,2,2016,1,Monday
1003,20160708,8,7,2016,3,Friday
1155,20161207,7,12,2016,4,Wednesday
1214,20170205,5,2,2017,1,Sunday
1633,20180331,31,3,2018,1,Saturday
286,20140720,20,7,2014,3,Sunday
578,20150509,9,5,2015,2,Saturday
1427,20170906,6,9,2017,3,Wednesday
255,20140619,19,6,2014,2,Thursday
568,20150429,29,4,2015,2,Wednesday
875,20160301,1,3,2016,1,Tuesday
956,20160521,21,5,2016,2,Saturday
974,20160608,8,6,2016,2,Wednesday
997,20160702,2,7,2016,3,Saturday
1002,20160707,7,7,2016,3,Thursday
1074,20160917,17,9,2016,3,Saturday
1193,20170114,14,1,2017,1,Saturday
343,20140915,15,9,2014,3,Monday
468,20150118,18,1,2015,1,Sunday
1460,20171009,9,10,2017,4,Monday
373,20141015,15,10,2014,4,Wednesday
175,20140331,31,3,2014,1,Monday
192,20140417,17,4,2014,2,Thursday
344,20140916,16,9,2014,3,Tuesday
782,20151129,29,11,2015,4,Sunday
170,20140326,26,3,2014,1,Wednesday
395,20141106,6,11,2014,4,Thursday
436,20141217,17,12,2014,4,Wednesday
234,20140529,29,5,2014,2,Thursday
1610,20180308,8,3,2018,1,Thursday
11,20130303,3,3,2013,1,Sunday
72,20131007,7,10,2013,4,Monday
100,20140115,15,1,2014,1,Wednesday
129,20140213,13,2,2014,1,Thursday
133,20140217,17,2,2014,1,Monday
149,20140305,5,3,2014,1,Wednesday
199,20140424,24,4,2014,2,Thursday
212,20140507,7,5,2014,2,Wednesday
214,20140509,9,5,2014,2,Friday
220,20140515,15,5,2014,2,Thursday
227,20140522,22,5,2014,2,Thursday
259,20140623,23,6,2014,2,Monday
317,20140820,20,8,2014,3,Wednesday
352,20140924,24,9,2014,3,Wednesday
359,20141001,1,10,2014,4,Wednesday
408,20141119,19,11,2014,4,Wednesday
411,20141122,22,11,2014,4,Saturday
417,20141128,28,11,2014,4,Friday
439,20141220,20,12,2014,4,Saturday
443,20141224,24,12,2014,4,Wednesday
448,20141229,29,12,2014,4,Monday
450,20141231,31,12,2014,4,Wednesday
469,20150119,19,1,2015,1,Monday
473,20150123,23,1,2015,1,Friday
478,20150128,28,1,2015,1,Wednesday
482,20150201,1,2,2015,1,Sunday
511,20150302,2,3,2015,1,Monday
1050,20160824,24,8,2016,3,Wednesday
529,20150320,20,3,2015,1,Friday
546,20150406,6,4,2015,2,Monday
551,20150411,11,4,2015,2,Saturday
569,20150430,30,4,2015,2,Thursday
593,20150524,24,5,2015,2,Sunday
602,20150602,2,6,2015,2,Tuesday
625,20150625,25,6,2015,2,Thursday
659,20150729,29,7,2015,3,Wednesday
686,20150825,25,8,2015,3,Tuesday
693,20150901,1,9,2015,3,Tuesday
720,20150928,28,9,2015,3,Monday
759,20151106,6,11,2015,4,Friday
780,20151127,27,11,2015,4,Friday
793,20151210,10,12,2015,4,Thursday
804,20151221,21,12,2015,4,Monday
824,20160110,10,1,2016,1,Sunday
1430,20170909,9,9,2017,3,Saturday
832,20160118,18,1,2016,1,Monday
844,20160130,30,1,2016,1,Saturday
909,20160404,4,4,2016,2,Monday
917,20160412,12,4,2016,2,Tuesday
949,20160514,14,5,2016,2,Saturday
953,20160518,18,5,2016,2,Wednesday
958,20160523,23,5,2016,2,Monday
988,20160623,23,6,2016,2,Thursday
1010,20160715,15,7,2016,3,Friday
1044,20160818,18,8,2016,3,Thursday
1083,20160926,26,9,2016,3,Monday
1135,20161117,17,11,2016,4,Thursday
1578,20180204,4,2,2018,1,Sunday
104,20140119,19,1,2014,1,Sunday
172,20140328,28,3,2014,1,Friday
628,20150628,28,6,2015,2,Sunday
817,20160103,3,1,2016,1,Sunday
1115,20161028,28,10,2016,4,Friday
252,20140616,16,6,2014,2,Monday
266,20140630,30,6,2014,2,Monday
267,20140701,1,7,2014,3,Tuesday
280,20140714,14,7,2014,3,Monday
564,20150425,25,4,2015,2,Saturday
918,20160413,13,4,2016,2,Wednesday
138,20140222,22,2,2014,1,Saturday
211,20140506,6,5,2014,2,Tuesday
114,20140129,29,1,2014,1,Wednesday
274,20140708,8,7,2014,3,Tuesday
196,20140421,21,4,2014,2,Monday
323,20140826,26,8,2014,3,Tuesday
727,20151005,5,10,2015,4,Monday
168,20140324,24,3,2014,1,Monday
169,20140325,25,3,2014,1,Tuesday
256,20140620,20,6,2014,2,Friday
282,20140716,16,7,2014,3,Wednesday
290,20140724,24,7,2014,3,Thursday
300,20140803,3,8,2014,3,Sunday
342,20140914,14,9,2014,3,Sunday
348,20140920,20,9,2014,3,Saturday
358,20140930,30,9,2014,3,Tuesday
363,20141005,5,10,2014,4,Sunday
446,20141227,27,12,2014,4,Saturday
705,20150913,13,9,2015,3,Sunday
378,20141020,20,10,2014,4,Monday
536,20150327,27,3,2015,1,Friday
231,20140526,26,5,2014,2,Monday
444,20141225,25,12,2014,4,Thursday
726,20151004,4,10,2015,4,Sunday
5,20130126,26,1,2013,1,Saturday
7,20130203,3,2,2013,1,Sunday
8,20130209,9,2,2013,1,Saturday
13,20130307,7,3,2013,1,Thursday
15,20130311,11,3,2013,1,Monday
17,20130321,21,3,2013,1,Thursday
18,20130418,18,4,2013,2,Thursday
23,20130428,28,4,2013,2,Sunday
24,20130502,2,5,2013,2,Thursday
26,20130511,11,5,2013,2,Saturday
27,20130512,12,5,2013,2,Sunday
31,20130518,18,5,2013,2,Saturday
33,20130523,23,5,2013,2,Thursday
34,20130525,25,5,2013,2,Saturday
36,20130610,10,6,2013,2,Monday
37,20130615,15,6,2013,2,Saturday
38,20130621,21,6,2013,2,Friday
40,20130627,27,6,2013,2,Thursday
42,20130702,2,7,2013,3,Tuesday
43,20130707,7,7,2013,3,Sunday
47,20130720,20,7,2013,3,Saturday
48,20130726,26,7,2013,3,Friday
49,20130730,30,7,2013,3,Tuesday
51,20130804,4,8,2013,3,Sunday
52,20130805,5,8,2013,3,Monday
79,20131122,22,11,2013,4,Friday
53,20130806,6,8,2013,3,Tuesday
55,20130814,14,8,2013,3,Wednesday
56,20130817,17,8,2013,3,Saturday
57,20130819,19,8,2013,3,Monday
58,20130820,20,8,2013,3,Tuesday
59,20130823,23,8,2013,3,Friday
61,20130907,7,9,2013,3,Saturday
64,20130915,15,9,2013,3,Sunday
66,20130919,19,9,2013,3,Thursday
68,20130922,22,9,2013,3,Sunday
69,20130924,24,9,2013,3,Tuesday
74,20131013,13,10,2013,4,Sunday
76,20131027,27,10,2013,4,Sunday
77,20131110,10,11,2013,4,Sunday
82,20131207,7,12,2013,4,Saturday
85,20131226,26,12,2013,4,Thursday
87,20140102,2,1,2014,1,Thursday
88,20140103,3,1,2014,1,Friday
89,20140104,4,1,2014,1,Saturday
90,20140105,5,1,2014,1,Sunday
94,20140109,9,1,2014,1,Thursday
102,20140117,17,1,2014,1,Friday
105,20140120,20,1,2014,1,Monday
106,20140121,21,1,2014,1,Tuesday
113,20140128,28,1,2014,1,Tuesday
116,20140131,31,1,2014,1,Friday
119,20140203,3,2,2014,1,Monday
122,20140206,6,2,2014,1,Thursday
128,20140212,12,2,2014,1,Wednesday
236,20140531,31,5,2014,2,Saturday
130,20140214,14,2,2014,1,Friday
134,20140218,18,2,2014,1,Tuesday
135,20140219,19,2,2014,1,Wednesday
146,20140302,2,3,2014,1,Sunday
148,20140304,4,3,2014,1,Tuesday
151,20140307,7,3,2014,1,Friday
152,20140308,8,3,2014,1,Saturday
154,20140310,10,3,2014,1,Monday
156,20140312,12,3,2014,1,Wednesday
160,20140316,16,3,2014,1,Sunday
164,20140320,20,3,2014,1,Thursday
174,20140330,30,3,2014,1,Sunday
177,20140402,2,4,2014,2,Wednesday
178,20140403,3,4,2014,2,Thursday
182,20140407,7,4,2014,2,Monday
183,20140408,8,4,2014,2,Tuesday
93,20140108,8,1,2014,1,Wednesday
191,20140416,16,4,2014,2,Wednesday
198,20140423,23,4,2014,2,Wednesday
201,20140426,26,4,2014,2,Saturday
202,20140427,27,4,2014,2,Sunday
203,20140428,28,4,2014,2,Monday
206,20140501,1,5,2014,2,Thursday
209,20140504,4,5,2014,2,Sunday
215,20140510,10,5,2014,2,Saturday
216,20140511,11,5,2014,2,Sunday
217,20140512,12,5,2014,2,Monday
218,20140513,13,5,2014,2,Tuesday
219,20140514,14,5,2014,2,Wednesday
222,20140517,17,5,2014,2,Saturday
238,20140602,2,6,2014,2,Monday
241,20140605,5,6,2014,2,Thursday
242,20140606,6,6,2014,2,Friday
243,20140607,7,6,2014,2,Saturday
244,20140608,8,6,2014,2,Sunday
245,20140609,9,6,2014,2,Monday
118,20140202,2,2,2014,1,Sunday
249,20140613,13,6,2014,2,Friday
250,20140614,14,6,2014,2,Saturday
253,20140617,17,6,2014,2,Tuesday
254,20140618,18,6,2014,2,Wednesday
258,20140622,22,6,2014,2,Sunday
261,20140625,25,6,2014,2,Wednesday
262,20140626,26,6,2014,2,Thursday
265,20140629,29,6,2014,2,Sunday
268,20140702,2,7,2014,3,Wednesday
270,20140704,4,7,2014,3,Friday
271,20140705,5,7,2014,3,Saturday
272,20140706,6,7,2014,3,Sunday
273,20140707,7,7,2014,3,Monday
288,20140722,22,7,2014,3,Tuesday
289,20140723,23,7,2014,3,Wednesday
291,20140725,25,7,2014,3,Friday
292,20140726,26,7,2014,3,Saturday
310,20140813,13,8,2014,3,Wednesday
312,20140815,15,8,2014,3,Friday
313,20140816,16,8,2014,3,Saturday
314,20140817,17,8,2014,3,Sunday
315,20140818,18,8,2014,3,Monday
318,20140821,21,8,2014,3,Thursday
320,20140823,23,8,2014,3,Saturday
321,20140824,24,8,2014,3,Sunday
194,20140419,19,4,2014,2,Saturday
324,20140827,27,8,2014,3,Wednesday
326,20140829,29,8,2014,3,Friday
327,20140830,30,8,2014,3,Saturday
328,20140831,31,8,2014,3,Sunday
330,20140902,2,9,2014,3,Tuesday
331,20140903,3,9,2014,3,Wednesday
346,20140918,18,9,2014,3,Thursday
336,20140908,8,9,2014,3,Monday
338,20140910,10,9,2014,3,Wednesday
353,20140925,25,9,2014,3,Thursday
355,20140927,27,9,2014,3,Saturday
109,20140124,24,1,2014,1,Friday
361,20141003,3,10,2014,4,Friday
366,20141008,8,10,2014,4,Wednesday
369,20141011,11,10,2014,4,Saturday
371,20141013,13,10,2014,4,Monday
374,20141016,16,10,2014,4,Thursday
379,20141021,21,10,2014,4,Tuesday
380,20141022,22,10,2014,4,Wednesday
382,20141024,24,10,2014,4,Friday
383,20141025,25,10,2014,4,Saturday
386,20141028,28,10,2014,4,Tuesday
389,20141031,31,10,2014,4,Friday
390,20141101,1,11,2014,4,Saturday
392,20141103,3,11,2014,4,Monday
393,20141104,4,11,2014,4,Tuesday
396,20141107,7,11,2014,4,Friday
398,20141109,9,11,2014,4,Sunday
402,20141113,13,11,2014,4,Thursday
404,20141115,15,11,2014,4,Saturday
406,20141117,17,11,2014,4,Monday
409,20141120,20,11,2014,4,Thursday
410,20141121,21,11,2014,4,Friday
414,20141125,25,11,2014,4,Tuesday
420,20141201,1,12,2014,4,Monday
423,20141204,4,12,2014,4,Thursday
462,20150112,12,1,2015,1,Monday
442,20141223,23,12,2014,4,Tuesday
445,20141226,26,12,2014,4,Friday
490,20150209,9,2,2015,1,Monday
457,20150107,7,1,2015,1,Wednesday
463,20150113,13,1,2015,1,Tuesday
481,20150131,31,1,2015,1,Saturday
484,20150203,3,2,2015,1,Tuesday
501,20150220,20,2,2015,1,Friday
575,20150506,6,5,2015,2,Wednesday
121,20140205,5,2,2014,1,Wednesday
147,20140303,3,3,2014,1,Monday
608,20150608,8,6,2015,2,Monday
943,20160508,8,5,2016,2,Sunday
722,20150930,30,9,2015,3,Wednesday
930,20160425,25,4,2016,2,Monday
766,20151113,13,11,2015,4,Friday
807,20151224,24,12,2015,4,Thursday
853,20160208,8,2,2016,1,Monday
977,20160611,11,6,2016,2,Saturday
405,20141116,16,11,2014,4,Sunday
2,20130119,19,1,2013,1,Saturday
3,20130123,23,1,2013,1,Wednesday
4,20130125,25,1,2013,1,Friday
10,20130219,19,2,2013,1,Tuesday
12,20130304,4,3,2013,1,Monday
16,20130313,13,3,2013,1,Wednesday
19,20130421,21,4,2013,2,Sunday
21,20130424,24,4,2013,2,Wednesday
35,20130607,7,6,2013,2,Friday
44,20130712,12,7,2013,3,Friday
54,20130809,9,8,2013,3,Friday
60,20130825,25,8,2013,3,Sunday
65,20130916,16,9,2013,3,Monday
67,20130920,20,9,2013,3,Friday
71,20131005,5,10,2013,4,Saturday
75,20131026,26,10,2013,4,Saturday
78,20131111,11,11,2013,4,Monday
81,20131201,1,12,2013,4,Sunday
83,20131222,22,12,2013,4,Sunday
84,20131225,25,12,2013,4,Wednesday
124,20140208,8,2,2014,1,Saturday
125,20140209,9,2,2014,1,Sunday
127,20140211,11,2,2014,1,Tuesday
137,20140221,21,2,2014,1,Friday
142,20140226,26,2,2014,1,Wednesday
144,20140228,28,2,2014,1,Friday
159,20140315,15,3,2014,1,Saturday
179,20140404,4,4,2014,2,Friday
185,20140410,10,4,2014,2,Thursday
187,20140412,12,4,2014,2,Saturday
190,20140415,15,4,2014,2,Tuesday
225,20140520,20,5,2014,2,Tuesday
240,20140604,4,6,2014,2,Wednesday
277,20140711,11,7,2014,3,Friday
278,20140712,12,7,2014,3,Saturday
329,20140901,1,9,2014,3,Monday
337,20140909,9,9,2014,3,Tuesday
340,20140912,12,9,2014,3,Friday
354,20140926,26,9,2014,3,Friday
401,20141112,12,11,2014,4,Wednesday
32,20130519,19,5,2013,2,Sunday
1,20130107,7,1,2013,1,Monday
9,20130211,11,2,2013,1,Monday
14,20130310,10,3,2013,1,Sunday
22,20130425,25,4,2013,2,Thursday
25,20130504,4,5,2013,2,Saturday
28,20130513,13,5,2013,2,Monday
39,20130623,23,6,2013,2,Sunday
50,20130802,2,8,2013,3,Friday
62,20130911,11,9,2013,3,Wednesday
80,20131128,28,11,2013,4,Thursday
6,20130202,2,2,2013,1,Saturday
357,20140929,29,9,2014,3,Monday
45,20130713,13,7,2013,3,Saturday
335,20140907,7,9,2014,3,Sunday
63,20130914,14,9,2013,3,Saturday
29,20130514,14,5,2013,2,Tuesday
41,20130701,1,7,2013,3,Monday
46,20130714,14,7,2013,3,Sunday
